ID,DRIVERCODE,FIRST_NAME,LAST_NAME,PERSCODE,CARRIER,DRVSTATUS,IMG
1,30974320,Jose Roberto,Espinosa,12345678912345678901,2030,1,https://images.pexels.com/photos/614810/pexels-photo-614810.jpeg?auto=compress&cs=tinysrgb&dpr=2&h=650&w=940
2,12345678,Roberto Carlos,Ramirez,12345678912345678901,2030,0,https://images.pexels.com/photos/2379005/pexels-photo-2379005.jpeg?auto=compress&cs=tinysrgb&dpr=2&h=650&w=940
3,87654321,Maria Eugenia,Lobalto,12345678912345678901,2030,1,https://images.pexels.com/photos/1181686/pexels-photo-1181686.jpeg?auto=compress&cs=tinysrgb&dpr=2&h=650&w=940
4,56789012,Eduardo,Gonzalez,12345678912345678901,2030,1,https://images.pexels.com/photos/220453/pexels-photo-220453.jpeg?auto=compress&cs=tinysrgb&dpr=2&h=650&w=940
5,34256791,Estefania,Rodriguez,12345678912345678901,2030,0,https://images.pexels.com/photos/1239288/pexels-photo-1239288.jpeg?auto=compress&cs=tinysrgb&dpr=2&h=650&w=940
6,34256791,Estefania,Rodriguez,12345678912345678901,2030,0,https://images.pexels.com/photos/1239288/pexels-photo-1239288.jpeg?auto=compress&cs=tinysrgb&dpr=2&h=650&w=940
7,34256791,Estefania,Rodriguez,12345678912345678901,2030,0,https://images.pexels.com/photos/1239288/pexels-photo-1239288.jpeg?auto=compress&cs=tinysrgb&dpr=2&h=650&w=940
8,34256791,Estefania,Rodriguez,12345678912345678901,2030,0,https://images.pexels.com/photos/1239288/pexels-photo-1239288.jpeg?auto=compress&cs=tinysrgb&dpr=2&h=650&w=940
9,34256791,Estefania,Rodriguez,12345678912345678901,2030,0,https://images.pexels.com/photos/1239288/pexels-photo-1239288.jpeg?auto=compress&cs=tinysrgb&dpr=2&h=650&w=940
10,30974320,Jose Roberto,Espinosa,12345678912345678901,2030,1,https://images.pexels.com/photos/614810/pexels-photo-614810.jpeg?auto=compress&cs=tinysrgb&dpr=2&h=650&w=940
11,12345678,Roberto Carlos,Ramirez,12345678912345678901,2030,0,https://images.pexels.com/photos/2379005/pexels-photo-2379005.jpeg?auto=compress&cs=tinysrgb&dpr=2&h=650&w=940
12,87654321,Maria Eugenia,Lobalto,12345678912345678901,2030,1,https://images.pexels.com/photos/1181686/pexels-photo-1181686.jpeg?auto=compress&cs=tinysrgb&dpr=2&h=650&w=940
13,56789012,Eduardo,Gonzalez,12345678912345678901,2030,1,https://images.pexels.com/photos/220453/pexels-photo-220453.jpeg?auto=compress&cs=tinysrgb&dpr=2&h=650&w=940
14,34256791,Estefania,Rodriguez,12345678912345678901,2030,0,https://images.pexels.com/photos/1239288/pexels-photo-1239288.jpeg?auto=compress&cs=tinysrgb&dpr=2&h=650&w=940
15,34256791,Estefania,Rodriguez,12345678912345678901,2030,0,https://images.pexels.com/photos/1239288/pexels-photo-1239288.jpeg?auto=compress&cs=tinysrgb&dpr=2&h=650&w=940
16,34256791,Estefania,Rodriguez,12345678912345678901,2030,0,https://images.pexels.com/photos/1239288/pexels-photo-1239288.jpeg?auto=compress&cs=tinysrgb&dpr=2&h=650&w=940
17,34256791,Estefania,Rodriguez,12345678912345678901,2030,0,https://images.pexels.com/photos/1239288/pexels-photo-1239288.jpeg?auto=compress&cs=tinysrgb&dpr=2&h=650&w=940
18,34256791,Estefania,Rodriguez,12345678912345678901,2030,0,https://images.pexels.com/photos/1239288/pexels-photo-1239288.jpeg?auto=compress&cs=tinysrgb&dpr=2&h=650&w=940
19,1377445577,Tammy,Portail,5466048283,2030,0,http://dummyimage.com/238x100.png/ff4444/ffffff
20,9468272540,Bailie,Morant,8365499223,2030,0,http://dummyimage.com/140x100.png/cc0000/ffffff
21,9155449247,Sarene,McLae,9452083085,2030,0,http://dummyimage.com/233x100.png/cc0000/ffffff
22,2368519165,Dilly,Pauley,304389048,2030,1,http://dummyimage.com/199x100.png/cc0000/ffffff
23,390911062,Aldis,Sproson,4798296384,2030,0,http://dummyimage.com/249x100.png/dddddd/000000
24,4917993032,Con,Gerhartz,811771539,2030,1,http://dummyimage.com/104x100.png/cc0000/ffffff
25,9654681269,Torin,Berrey,9180406491,2030,1,http://dummyimage.com/238x100.png/dddddd/000000
26,7504758167,Zeke,Parkeson,1156298687,2030,1,http://dummyimage.com/178x100.png/5fa2dd/ffffff
27,7841744846,Deonne,McCarlich,6696511504,2030,0,http://dummyimage.com/200x100.png/ff4444/ffffff
28,8803397868,Carina,MacDearmont,3922848397,2030,0,http://dummyimage.com/175x100.png/ff4444/ffffff
29,6727646007,Magdaia,Houten,5165468895,2031,0,http://dummyimage.com/174x100.png/cc0000/ffffff
30,2119761825,Linell,Zannutti,5636994281,2031,0,http://dummyimage.com/123x100.png/dddddd/000000
31,4860055446,Jacques,Worshall,1519852649,2031,1,http://dummyimage.com/191x100.png/cc0000/ffffff
32,3632168504,Genna,Nield,1587784173,2031,0,http://dummyimage.com/116x100.png/cc0000/ffffff
33,2247127169,Janene,Jauncey,3955997693,2031,0,http://dummyimage.com/166x100.png/cc0000/ffffff
34,6846209670,Rubi,Bohea,4123601219,2031,0,http://dummyimage.com/176x100.png/cc0000/ffffff
35,3512241492,Adams,Newns,1253264384,2031,0,http://dummyimage.com/146x100.png/cc0000/ffffff
36,631636730,Lorita,Schirok,354094742,2031,0,http://dummyimage.com/135x100.png/ff4444/ffffff
37,1752283694,Kermie,Hegdonne,5030092587,2031,1,http://dummyimage.com/121x100.png/ff4444/ffffff
38,6417325644,Vin,Pennino,4522824831,2031,1,http://dummyimage.com/224x100.png/dddddd/000000
39,6910781821,Charita,Jansson,7067962889,2031,0,http://dummyimage.com/106x100.png/dddddd/000000
40,7770583055,Carie,Woolf,9759887762,2031,0,http://dummyimage.com/191x100.png/dddddd/000000
41,627595529,Rowe,Hylden,1086795997,2031,1,http://dummyimage.com/126x100.png/dddddd/000000
42,3373612977,Nicky,Simenon,3434955585,2031,1,http://dummyimage.com/191x100.png/5fa2dd/ffffff
43,3474860534,Wade,Cecere,816826862,2031,0,http://dummyimage.com/213x100.png/ff4444/ffffff
44,9793605219,Goldie,Burnham,8513262501,2031,1,http://dummyimage.com/174x100.png/cc0000/ffffff
45,9350046520,Cornelle,Marritt,131482270,2031,0,http://dummyimage.com/240x100.png/5fa2dd/ffffff
46,8580099668,Chanda,Pursglove,4873680379,2031,0,http://dummyimage.com/248x100.png/cc0000/ffffff
47,3759363326,Phillida,Polsin,8021336455,2031,0,http://dummyimage.com/226x100.png/ff4444/ffffff
48,2056752603,Desdemona,Amburgy,1832675548,2031,0,http://dummyimage.com/127x100.png/cc0000/ffffff
49,400549735,Garrek,Towers,1635267633,2031,1,http://dummyimage.com/144x100.png/5fa2dd/ffffff
50,4806967963,Cam,Lissandre,2694501818,2031,0,http://dummyimage.com/104x100.png/ff4444/ffffff
51,3565167823,Bink,Temperley,6048458622,2031,1,http://dummyimage.com/167x100.png/ff4444/ffffff
52,1203340672,Emlynne,Esilmon,6348355284,2031,0,http://dummyimage.com/163x100.png/ff4444/ffffff
53,8821901882,Valry,Connors,9543522286,2031,1,http://dummyimage.com/145x100.png/5fa2dd/ffffff
54,9666483874,King,Bailess,7493246068,2031,0,http://dummyimage.com/128x100.png/ff4444/ffffff
55,4036256394,Viole,Perrygo,2173834509,2031,1,http://dummyimage.com/157x100.png/5fa2dd/ffffff
56,8539129981,Westbrook,Frobisher,7569877810,2031,0,http://dummyimage.com/134x100.png/cc0000/ffffff
57,2538379342,Silvano,Langhorn,6967550888,2031,1,http://dummyimage.com/249x100.png/5fa2dd/ffffff
58,6245238854,Daniella,Stearndale,9226645930,2031,0,http://dummyimage.com/174x100.png/5fa2dd/ffffff
59,8023218492,Val,Tomaschke,2694990339,2031,1,http://dummyimage.com/105x100.png/ff4444/ffffff
60,6429583023,Cam,Dullard,8984093033,2031,0,http://dummyimage.com/127x100.png/dddddd/000000
61,269764054,Frederigo,Skirrow,8982128778,2031,0,http://dummyimage.com/170x100.png/cc0000/ffffff
62,757154085,Pavla,Ottawell,2085941745,2031,1,http://dummyimage.com/195x100.png/ff4444/ffffff
63,2225941122,Murdoch,Gentreau,4442800537,2031,1,http://dummyimage.com/145x100.png/dddddd/000000
64,3972940378,Edi,Searl,7669996390,2032,1,http://dummyimage.com/128x100.png/ff4444/ffffff
65,502910399,Johna,Anglim,6974503970,2032,0,http://dummyimage.com/199x100.png/dddddd/000000
66,480873399,Renado,Overlow,1997095017,2032,0,http://dummyimage.com/109x100.png/dddddd/000000
67,4957849986,Cthrine,Kidds,6720787942,2032,1,http://dummyimage.com/110x100.png/dddddd/000000
68,1362236667,Honey,Ingleby,4057620214,2032,0,http://dummyimage.com/165x100.png/ff4444/ffffff
69,9108358850,Anthe,Bozward,3948363056,2032,0,http://dummyimage.com/152x100.png/5fa2dd/ffffff
70,4069040234,Aindrea,Toland,8366666972,2032,1,http://dummyimage.com/243x100.png/cc0000/ffffff
71,5227903921,Dell,Tigner,7144448862,2032,0,http://dummyimage.com/227x100.png/cc0000/ffffff
72,2672469598,Niles,Goodwill,6898750534,2032,0,http://dummyimage.com/227x100.png/ff4444/ffffff
73,4575557420,Kennith,Libreros,9340573021,2032,0,http://dummyimage.com/155x100.png/5fa2dd/ffffff
74,2146279168,Belita,Tutchell,310435609,2032,1,http://dummyimage.com/190x100.png/dddddd/000000
75,837714036,Clayson,Jertz,1406909882,2032,0,http://dummyimage.com/156x100.png/5fa2dd/ffffff
76,7482336559,Travus,Loins,8139077550,2032,1,http://dummyimage.com/183x100.png/cc0000/ffffff
77,5749420981,Garth,Effnert,6366047022,2032,0,http://dummyimage.com/193x100.png/ff4444/ffffff
78,7902949868,Claresta,Wittman,8790318943,2032,0,http://dummyimage.com/150x100.png/ff4444/ffffff
79,7701707344,Dory,Vidgeon,1040238890,2032,0,http://dummyimage.com/152x100.png/dddddd/000000
80,857887068,Domingo,Fredson,553378430,2032,0,http://dummyimage.com/249x100.png/dddddd/000000
81,781233828,Aubree,Ninnis,8872615321,2032,0,http://dummyimage.com/243x100.png/ff4444/ffffff
82,151539316,Margarita,Tresler,9635818599,2961,1,http://dummyimage.com/205x100.png/dddddd/000000
83,6764730806,Harlene,Sandeman,182602443,2032,0,http://dummyimage.com/172x100.png/ff4444/ffffff
84,8763621134,Olive,Witcombe,1770520023,2032,0,http://dummyimage.com/216x100.png/ff4444/ffffff
85,2918750255,Daphene,Broster,3683922273,2032,1,http://dummyimage.com/131x100.png/cc0000/ffffff
86,8059810537,Lorita,Fergie,560413823,2032,0,http://dummyimage.com/100x100.png/5fa2dd/ffffff
87,1960907808,Addison,Brito,6810933735,2032,1,http://dummyimage.com/143x100.png/5fa2dd/ffffff
88,3834027197,Zachery,Seeley,1184300046,2032,1,http://dummyimage.com/185x100.png/ff4444/ffffff
89,6108377003,Levi,Stebles,7349322232,2032,0,http://dummyimage.com/165x100.png/ff4444/ffffff
90,7466689922,Lyell,Tunnoch,4876879419,2033,0,http://dummyimage.com/215x100.png/cc0000/ffffff
91,1852886862,Quillan,Jackett,9569072911,2033,1,http://dummyimage.com/170x100.png/5fa2dd/ffffff
92,8838971870,Carleton,Haig,560108346,2033,0,http://dummyimage.com/230x100.png/ff4444/ffffff
93,8811898420,Franchot,Nowakowski,5609694299,2033,0,http://dummyimage.com/157x100.png/ff4444/ffffff
94,168211769,Dolorita,Mairs,6451956570,2033,1,http://dummyimage.com/239x100.png/dddddd/000000
95,3021314473,Matt,Afield,4711088415,2033,1,http://dummyimage.com/197x100.png/cc0000/ffffff
96,8990889642,Guinna,Monnoyer,7360982650,2033,0,http://dummyimage.com/160x100.png/5fa2dd/ffffff
97,2502505445,Rosette,Madgett,5967294929,2033,1,http://dummyimage.com/229x100.png/dddddd/000000
98,3432021763,Frants,Alexis,2619561620,2033,0,http://dummyimage.com/209x100.png/ff4444/ffffff
99,117881414,Wilburt,Ganiford,1210947900,2033,1,http://dummyimage.com/125x100.png/dddddd/000000
100,6646892717,Constantia,Kilmister,2565146515,2033,1,http://dummyimage.com/241x100.png/cc0000/ffffff
101,2093097117,Bogart,Attyeo,6427827251,2033,1,http://dummyimage.com/215x100.png/ff4444/ffffff
102,1748482270,Arlena,Humburton,360563589,2033,1,http://dummyimage.com/123x100.png/dddddd/000000
103,1200185412,Luciano,Doncaster,6330087415,2033,1,http://dummyimage.com/124x100.png/5fa2dd/ffffff
104,6094027450,Aylmer,Falconer,9895515871,2033,1,http://dummyimage.com/114x100.png/cc0000/ffffff
105,830254897,Albertina,Lissett,1040268501,2033,1,http://dummyimage.com/177x100.png/ff4444/ffffff
106,1478552743,Fran,Galliford,5844205324,2034,1,http://dummyimage.com/151x100.png/dddddd/000000
107,7795250181,Consuela,Seys,3173044193,2034,0,http://dummyimage.com/153x100.png/dddddd/000000
108,5974140664,Sofie,Keohane,3685780077,2034,0,http://dummyimage.com/204x100.png/dddddd/000000
109,3000259104,Skell,Benoix,6015621567,2034,0,http://dummyimage.com/139x100.png/cc0000/ffffff
110,9075174853,Stan,Oakes,331855291,2034,0,http://dummyimage.com/122x100.png/ff4444/ffffff
111,5013619009,Esra,Warby,2229433806,2034,1,http://dummyimage.com/220x100.png/dddddd/000000
112,3371531457,Ezmeralda,Fyldes,107628244,2034,1,http://dummyimage.com/108x100.png/ff4444/ffffff
113,9263474389,Wang,Dummer,3863038444,2034,0,http://dummyimage.com/230x100.png/cc0000/ffffff
114,5168352642,Allissa,Eskell,350827893,2034,1,http://dummyimage.com/113x100.png/cc0000/ffffff
115,7014720104,Matelda,Hellis,5953411812,2034,0,http://dummyimage.com/124x100.png/cc0000/ffffff
116,5934076248,Ara,Easterby,1107414024,2034,1,http://dummyimage.com/179x100.png/dddddd/000000
117,2981994646,Carlee,Beeching,5972585464,2034,1,http://dummyimage.com/150x100.png/dddddd/000000
118,2952703019,Steffi,Bixley,197540104,2034,1,http://dummyimage.com/190x100.png/5fa2dd/ffffff
