OIGC_ID,name,lastName,id,email,phone
1,Juan,Perez,SE434151,dnys0@google.pl,840-722-5712
2,Juan,Fernandez,SE824824,spagon1@admin.ch,257-237-1738
3,Juan,Fernandez,SE940147,bcappell2@woothemes.com,225-229-0040
4,Gonzalo,Fernandez,SE666724,wabrahamowitcz3@japanpost.jp,176-441-3780
5,Juan,Fernandez,SE532562,hlorking4@google.ru,254-645-9900
6,Juan,Fernandez,SE908065,elower5@de.vu,616-171-7522
7,Gonzalo,Fernandez,SE483210,rstaterfield6@deliciousdays.com,967-392-5267
8,Juan,Perez,SE304663,fbegbie7@bloglines.com,754-673-8688
9,Gonzalo,Perez,SE540028,emcclelland8@skyrock.com,245-292-4205
10,Gonzalo,Perez,SE415199,gkleinlerer9@xing.com,656-312-9807
11,Juan,Perez,SE451118,mrainsa@studiopress.com,226-782-5320
12,Gonzalo,Fernandez,SE695730,aheyburnb@google.ca,481-429-9664
13,Juan,Fernandez,SE473897,doneilc@youtube.com,926-536-4029
14,Gonzalo,Perez,SE695458,mkingsnoadd@i2i.jp,676-797-8211
15,Juan,Fernandez,SE359972,gbartleete@instagram.com,987-295-3258
16,Juan,Fernandez,SE927375,acheeldf@deliciousdays.com,821-730-8206
17,Gonzalo,Perez,SE336286,kdecourseyg@dagondesign.com,789-907-7019
18,Juan,Perez,SE070438,rpadburyh@instagram.com,192-576-9199
19,Gonzalo,Perez,SE738301,lcapeleni@nytimes.com,882-430-0434
20,Gonzalo,Fernandez,SE020403,afouracresj@mayoclinic.com,970-503-1623
21,Gonzalo,Perez,SE392584,mclaissek@mayoclinic.com,446-414-9023
22,Juan,Fernandez,SE914011,csanbrookl@deviantart.com,496-758-1038
23,Gonzalo,Perez,SE803498,ovanichkovm@cornell.edu,997-631-0586
24,Gonzalo,Perez,SE948458,cbembridgen@reddit.com,344-206-8360
25,Gonzalo,Perez,SE708721,hmathouo@geocities.jp,280-171-5797
26,Juan,Perez,SE985274,bklemmtp@timesonline.co.uk,158-281-0181
27,Gonzalo,Fernandez,SE773904,dlorkingsq@globo.com,106-478-6464
28,Juan,Fernandez,SE093375,proberdsr@sun.com,311-249-9595
29,Gonzalo,Fernandez,SE769544,agoviers@quantcast.com,457-823-0799
30,Gonzalo,Fernandez,SE465589,kedmedt@sun.com,193-805-7060
31,Juan,Perez,SE556482,hcormacku@cloudflare.com,413-714-8983
32,Gonzalo,Fernandez,SE970480,jklemmtv@addthis.com,583-847-2737
33,Juan,Fernandez,SE042115,msellstromw@imgur.com,587-869-2239
34,Juan,Perez,SE725852,oortonx@imgur.com,453-795-8961
35,Gonzalo,Fernandez,SE237081,wkully@cnbc.com,863-423-7163
36,Juan,Perez,SE456479,jharrisz@shop-pro.jp,808-525-8938
37,Gonzalo,Perez,SE904440,bcurryer10@netlog.com,231-766-3499
38,Gonzalo,Fernandez,SE376275,csimonard11@ft.com,447-132-2583
39,Juan,Fernandez,SE463280,izuppa12@admin.ch,295-347-1901
40,Gonzalo,Fernandez,SE321012,mheisham13@yelp.com,364-236-5469
41,Juan,Fernandez,SE452279,dmcilwrath14@cisco.com,149-433-6264
42,Gonzalo,Fernandez,SE765662,edelasci15@webmd.com,716-667-9607
43,Gonzalo,Fernandez,SE927898,sprothero16@bloglines.com,603-645-9298
44,Juan,Fernandez,SE217539,agerrets17@gmpg.org,357-746-6697
45,Juan,Fernandez,SE821807,kbenstead18@ucla.edu,114-444-6870
46,Juan,Fernandez,SE007929,gdayes19@sakura.ne.jp,225-220-6291
47,Gonzalo,Perez,SE707895,agheorghescu1a@bluehost.com,333-745-6736
48,Juan,Perez,SE639078,daidler1b@drupal.org,440-171-1298
49,Gonzalo,Fernandez,SE519878,ezuppa1c@forbes.com,503-163-2032
50,Juan,Perez,SE477476,cgrogona1d@washingtonpost.com,488-820-3370
51,Juan,Fernandez,SE657421,njephcott1e@go.com,319-623-2984
52,Gonzalo,Fernandez,SE666425,llecount1f@fastcompany.com,740-728-0272
53,Juan,Fernandez,SE673114,malliband1g@elegantthemes.com,801-831-3198
54,Juan,Fernandez,SE240571,gemig1h@unicef.org,828-513-2665
55,Juan,Perez,SE975534,jjoppich1i@shareasale.com,663-647-1962
56,Juan,Perez,SE916992,vtrencher1j@issuu.com,813-687-5499
57,Gonzalo,Fernandez,SE330917,mcottle1k@1688.com,219-119-4512
58,Juan,Perez,SE245384,zbarkshire1l@cnet.com,930-217-6204
59,Juan,Perez,SE340891,apesic1m@mediafire.com,827-778-3233
60,Gonzalo,Fernandez,SE633733,kcostan1n@forbes.com,116-265-9251
61,Gonzalo,Fernandez,SE103053,rnolleth1o@twitpic.com,879-784-3735
62,Gonzalo,Perez,SE519289,ishepcutt1p@printfriendly.com,890-980-9384
63,Juan,Perez,SE407238,apendlington1q@hibu.com,630-517-3531
64,Juan,Fernandez,SE341270,epinnere1r@nasa.gov,597-861-6472
65,Gonzalo,Fernandez,SE549683,aaldrick1s@hao123.com,897-664-3480
66,Gonzalo,Fernandez,SE887840,mjozwicki1t@apple.com,470-794-1506
67,Gonzalo,Fernandez,SE460130,ccortese1u@umich.edu,242-262-6009
68,Gonzalo,Fernandez,SE886363,lleirmonth1v@acquirethisname.com,603-365-9007
69,Gonzalo,Fernandez,SE957573,lkemmer1w@friendfeed.com,111-225-5032
70,Gonzalo,Perez,SE330496,ktomicki1x@opensource.org,472-118-2805
71,Gonzalo,Perez,SE405627,ksacaze1y@amazon.co.jp,286-506-8522
72,Juan,Fernandez,SE608877,dmannooch1z@flickr.com,701-103-7194
73,Juan,Perez,SE167114,sivankov20@mail.ru,404-692-8370
74,Gonzalo,Perez,SE061806,dloyns21@so-net.ne.jp,261-450-0193
75,Juan,Perez,SE109126,jjohnigan22@photobucket.com,797-273-1612
76,Juan,Fernandez,SE535514,vbugdale23@ocn.ne.jp,112-803-3750
77,Gonzalo,Fernandez,SE887076,rsample24@reuters.com,926-771-8874
78,Gonzalo,Perez,SE338132,jpruvost25@networkadvertising.org,563-607-8145
79,Juan,Perez,SE084146,ksloam26@squidoo.com,199-703-3685
80,Gonzalo,Fernandez,SE558529,bcarson27@rediff.com,787-539-9742
81,Gonzalo,Fernandez,SE686139,kmacgee28@bloomberg.com,949-434-5071
82,Gonzalo,Perez,SE339973,rkenwyn29@businessinsider.com,156-626-6861
83,Gonzalo,Perez,SE656856,cfrowing2a@bloomberg.com,557-214-6539
84,Gonzalo,Fernandez,SE609769,gpostan2b@ow.ly,983-921-2659
85,Juan,Perez,SE373707,epevie2c@bizjournals.com,634-871-0913
86,Juan,Perez,SE863515,cbrowse2d@auda.org.au,103-742-1256
87,Juan,Perez,SE569795,eparlour2e@census.gov,805-974-5817
88,Gonzalo,Fernandez,SE441251,mprecious2f@arizona.edu,922-506-5917
89,Gonzalo,Perez,SE063601,nmowling2g@kickstarter.com,644-958-0168
90,Juan,Fernandez,SE880172,vfranzonello2h@dyndns.org,126-999-3749
91,Juan,Fernandez,SE961407,cmaleby2i@artisteer.com,804-209-1193
92,Juan,Fernandez,SE550001,iedwinson2j@pbs.org,955-448-9237
93,Gonzalo,Perez,SE223506,gkennifeck2k@ebay.com,324-965-2597
94,Gonzalo,Perez,SE398431,omaultby2l@bloomberg.com,622-481-3009
95,Gonzalo,Perez,SE728814,aroux2m@yolasite.com,276-697-1247
96,Gonzalo,Fernandez,SE062499,sgirardet2n@123-reg.co.uk,686-699-7042
97,Juan,Perez,SE331051,africk2o@cnbc.com,150-340-6540
98,Gonzalo,Fernandez,SE016155,tdeards2p@abc.net.au,681-181-2679
99,Gonzalo,Fernandez,SE760335,ykelloway2q@de.vu,322-338-4117
100,Juan,Fernandez,SE088336,fbrailey2r@theguardian.com,319-748-5692
